{"total_data": 35062, "r2": 0.958027168775638, "mae": 8.930290905874806, "rmse": 17.131102817739137}